{
	"format_version": "1.8.0",
	"animations": {
		"closed": {
			"loop": true,
			"bones": {
				"armorHead": {
					"position": {
						"vector": [0, 0, 1.75]
					}
				},
				"rotate": {
					"rotation": {
						"vector": [0, 0, 0]
					},
					"scale": {
						"vector": [1, 1, 1]
					}
				},
				"global": {
					"position": {
						"vector": [0, 0, 16]
					}
				}
			}
		},
		"closing": {
			"animation_length": 0.9583,
			"bones": {
				"armorHead": {
					"position": {
						"0.0": {
							"vector": [0, 0, 0]
						},
						"0.375": {
							"vector": [0, 0, 0]
						},
						"0.4583": {
							"vector": [0, 0, 0.09]
						},
						"0.5417": {
							"vector": [0, 0, 0.28]
						},
						"0.5833": {
							"vector": [0, 0, 0.545]
						},
						"0.625": {
							"vector": [0, 0, 1.065]
						},
						"0.6667": {
							"vector": [0, 0, 1.435]
						},
						"0.7083": {
							"vector": [0, 0, 1.655]
						},
						"0.75": {
							"vector": [0, 0, 1.75]
						},
						"0.9583": {
							"vector": [0, 0, 1.75]
						}
					}
				},
				"rotate": {
					"rotation": {
						"0.0": {
							"vector": [-90, 0, 0]
						},
						"0.2917": {
							"vector": [-90, 0, 0]
						},
						"0.375": {
							"vector": [-85.25, 0, 0]
						},
						"0.4167": {
							"vector": [-80.25, 0, 0]
						},
						"0.4583": {
							"vector": [-55.5, 0, 0]
						},
						"0.5417": {
							"vector": [-16.75, 0, 0]
						},
						"0.625": {
							"vector": [-1.15, 0, 0]
						},
						"0.6667": {
							"vector": [1.475, 0, 0]
						},
						"0.7083": {
							"vector": [0, 0, 0]
						}
					},
					"scale": {
						"0.0": {
							"vector": [1, 1, 1]
						},
						"0.2917": {
							"vector": [1, 1, 1]
						},
						"0.625": {
							"vector": [1, 1, 1]
						}
					}
				},
				"Left": {
					"rotation": {
						"0.0": {
							"vector": [35.26439, 30, -80.26439]
						},
						"0.125": {
							"vector": [26.73107, 1.36013, -45.97276]
						},
						"0.1667": {
							"vector": [8.95116, -7.31819, -35.9626]
						},
						"0.2083": {
							"vector": [2.21918, -13.99545, -25.31724]
						},
						"0.25": {
							"vector": [1.235, -15.37896, -21.43719]
						},
						"0.2917": {
							"vector": [6.61, -15.03, -23.61]
						},
						"0.375": {
							"vector": [11.98, -14.69, -26.58]
						},
						"0.4583": {
							"vector": [19.14, -14.23, -29.24]
						},
						"0.5": {
							"vector": [22.71918, -13.99545, -30.56724]
						},
						"0.6667": {
							"vector": [-9.53082, -13.99545, -49.06724]
						},
						"0.7917": {
							"vector": [35.26439, 30, -80.26439]
						}
					},
					"position": {
						"0.0": {
							"vector": [-3.25, 8, -7]
						},
						"0.0417": {
							"vector": [-3.83, 9.67, -8.92]
						},
						"0.0833": {
							"vector": [-5.41, 12.34, -10.83]
						},
						"0.125": {
							"vector": [-6.25, 16, -11.65]
						},
						"0.1667": {
							"vector": [-6.42, 18.42, -11.57]
						},
						"0.2083": {
							"vector": [-5.83, 19.59, -11.48]
						},
						"0.25": {
							"vector": [-5.25, 20, -11.4]
						},
						"0.2917": {
							"vector": [-5.25, 20, -11.4]
						},
						"0.625": {
							"vector": [-5.25, 12.75, -10.75]
						},
						"0.6667": {
							"vector": [-5, 10.88, -10.37]
						},
						"0.7083": {
							"vector": [-4.5, 7.75, -9.25]
						},
						"0.75": {
							"vector": [-3.75, 6.25, -7.87]
						},
						"0.7917": {
							"vector": [-3.25, 5.75, -7]
						}
					}
				}
			},
			"sound_effects": {
				"0.25": {
					"effect": "nvg_equip"
				},
				"0.9167": {
					"effect": "nvg_on"
				}
			},
			"timeline": {
				"0.9167": "enableNVGEffect;"
			}
		},
		"opened": {
			"loop": true,
			"bones": {
				"armorHead": {
					"position": {
						"vector": [0, 0, 0]
					}
				},
				"rotate": {
					"rotation": {
						"vector": [-90, 0, 0]
					}
				}
			}
		},
		"opening": {
			"animation_length": 0.7917,
			"bones": {
				"armorHead": {
					"position": {
						"0.0": {
							"vector": [0, 0, 1.75]
						},
						"0.0417": {
							"vector": [0, 0, 1.75]
						},
						"0.0833": {
							"vector": [0, 0, 1.655]
						},
						"0.125": {
							"vector": [0, 0, 1.435]
						},
						"0.1667": {
							"vector": [0, 0, 1.065]
						},
						"0.2083": {
							"vector": [0, 0, 0.545]
						},
						"0.25": {
							"vector": [0, 0, 0.28]
						},
						"0.3333": {
							"vector": [0, 0, 0.09]
						},
						"0.4167": {
							"vector": [0, 0, 0]
						},
						"0.7917": {
							"vector": [0, 0, 0]
						}
					}
				},
				"rotate": {
					"rotation": {
						"0.0833": {
							"vector": [0, 0, 0]
						},
						"0.125": {
							"vector": [1.475, 0, 0]
						},
						"0.1667": {
							"vector": [-1.15, 0, 0]
						},
						"0.2083": {
							"vector": [-16.75, 0, 0]
						},
						"0.25": {
							"vector": [-55.5, 0, 0]
						},
						"0.2917": {
							"vector": [-80.25, 0, 0]
						},
						"0.3333": {
							"vector": [-85.25, 0, 0]
						},
						"0.375": {
							"vector": [-90, 0, 0]
						},
						"0.6667": {
							"vector": [-90, 0, 0]
						}
					},
					"scale": {
						"0.1667": {
							"vector": [1, 1, 1]
						},
						"0.375": {
							"vector": [1, 1, 1]
						},
						"0.6667": {
							"vector": [1, 1, 1]
						}
					}
				},
				"Left": {
					"rotation": {
						"0.0": {
							"vector": [35.26439, 30, -80.26439]
						},
						"0.125": {
							"vector": [-9.53082, -13.99545, -49.06724]
						},
						"0.25": {
							"vector": [22.71918, -13.99545, -30.56724]
						},
						"0.2917": {
							"vector": [19.14, -14.23, -29.24]
						},
						"0.3333": {
							"vector": [11.98, -14.69, -26.58]
						},
						"0.375": {
							"vector": [6.61, -15.03, -23.61]
						},
						"0.4167": {
							"vector": [1.235, -15.37896, -21.43719]
						},
						"0.4583": {
							"vector": [2.21918, -13.99545, -25.31724]
						},
						"0.5417": {
							"vector": [8.95116, -7.31819, -35.9626]
						},
						"0.5833": {
							"vector": [26.73107, 1.36013, -45.97276]
						},
						"0.6667": {
							"vector": [35.26439, 30, -80.26439]
						}
					},
					"position": {
						"0.0": {
							"vector": [-0.25, 5.75, -7]
						},
						"0.0417": {
							"vector": [-0.75, 6.25, -7.87]
						},
						"0.0833": {
							"vector": [-1.5, 7.75, -9.25]
						},
						"0.125": {
							"vector": [-2, 10.88, -10.37]
						},
						"0.1667": {
							"vector": [-2.25, 12.75, -10.75]
						},
						"0.375": {
							"vector": [-2.25, 20, -11.4]
						},
						"0.4167": {
							"vector": [-2.25, 20, -11.4]
						},
						"0.4583": {
							"vector": [-2.83, 19.59, -11.48]
						},
						"0.5": {
							"vector": [-3.42, 18.42, -11.57]
						},
						"0.5417": {
							"vector": [-2.35, 16, -11.65]
						},
						"0.5833": {
							"vector": [-0.785, 12.34, -10.83]
						},
						"0.625": {
							"vector": [-0.105, 9.67, -8.92]
						},
						"0.6667": {
							"vector": [-0.25, 8, -7]
						}
					}
				}
			},
			"sound_effects": {
				"0.0": {
					"effect": "nvg_off"
				},
				"0.0417": {
					"effect": "nvg_unequip"
				}
			},
			"timeline": {
				"0.0": "disableNVGEffect;"
			}
		},
		"idle": {
			"loop": true,
			"animation_length": 1,
			"bones": {
				"rotate": {
					"rotation": {
						"vector": [-90, 0, 0]
					},
					"scale": {
						"vector": [1, 1, 1]
					}
				}
			}
		}
	},
	"geckolib_format_version": 2
}
